"species","grids"
"Crataegus_pinnida","v15070"
"Crepidiastrum_chelidoniifolium","v15070"
"Galium_verum","v15070"
"Hepatica_nobilis","v15070"
"Pilea_pumila","v15070"
"Sanguisorba_officinalis","v15070"
"Crataegus_pinnida","v15071"
"Crepidiastrum_chelidoniifolium","v15071"
"Galium_verum","v15071"
"Hepatica_nobilis","v15071"
"Lonicera_japonica","v15071"
"Pilea_pumila","v15071"
"Sanguisorba_officinalis","v15071"
"Vicia_unijuga","v15071"
"Crataegus_pinnida","v15427"
"Crepidiastrum_chelidoniifolium","v15427"
"Pilea_pumila","v15427"
"Crataegus_pinnida","v15428"
"Crepidiastrum_chelidoniifolium","v15428"
"Galium_verum","v15428"
"Pilea_pumila","v15428"
"Sanguisorba_officinalis","v15428"
"Crataegus_pinnida","v15429"
"Crepidiastrum_chelidoniifolium","v15429"
"Galium_verum","v15429"
"Pilea_pumila","v15429"
"Sanguisorba_officinalis","v15429"
"Angelica_polymorpha","v15430"
"Crataegus_pinnida","v15430"
"Crepidiastrum_chelidoniifolium","v15430"
"Galium_verum","v15430"
"Pilea_pumila","v15430"
"Sanguisorba_officinalis","v15430"
"Angelica_polymorpha","v15431"
"Crataegus_pinnida","v15431"
"Crepidiastrum_chelidoniifolium","v15431"
"Galium_verum","v15431"
"Hepatica_nobilis","v15431"
"Pilea_pumila","v15431"
"Sanguisorba_officinalis","v15431"
"Acer_triflorum","v15785"
"Adenocaulon_himalaicum","v15785"
"Callicarpa_dichotoma","v15785"
"Carpinus_cordata","v15785"
"Cercis_chinensis","v15785"
"Corydalis_turtschaninovii","v15785"
"Crataegus_pinnida","v15785"
"Crepidiastrum_chelidoniifolium","v15785"
"Geranium_sibiricum","v15785"
"Hepatica_nobilis","v15785"
"Hypericum_japonicum","v15785"
"Lysimachia_barystachys","v15785"
"Parthenocissus_tricuspidata","v15785"
"Persicaria_orientalis","v15785"
"Pilea_pumila","v15785"
"Acer_triflorum","v15786"
"Adenocaulon_himalaicum","v15786"
"Carpinus_cordata","v15786"
"Cercis_chinensis","v15786"
"Crataegus_pinnida","v15786"
"Crepidiastrum_chelidoniifolium","v15786"
"Geranium_sibiricum","v15786"
"Pilea_pumila","v15786"
"Acer_triflorum","v15787"
"Carpinus_cordata","v15787"
"Crataegus_pinnida","v15787"
"Crepidiastrum_chelidoniifolium","v15787"
"Geranium_sibiricum","v15787"
"Pilea_pumila","v15787"
"Crataegus_pinnida","v15788"
"Crepidiastrum_chelidoniifolium","v15788"
"Galium_verum","v15788"
"Pilea_pumila","v15788"
"Sanguisorba_officinalis","v15788"
"Angelica_polymorpha","v15789"
"Cornus_controversa","v15789"
"Crataegus_pinnida","v15789"
"Crepidiastrum_chelidoniifolium","v15789"
"Galium_verum","v15789"
"Pilea_pumila","v15789"
"Sanguisorba_officinalis","v15789"
"Angelica_polymorpha","v15790"
"Cornus_controversa","v15790"
"Crataegus_pinnida","v15790"
"Crepidiastrum_chelidoniifolium","v15790"
"Elsholtzia_ciliata","v15790"
"Galium_verum","v15790"
"Pilea_pumila","v15790"
"Sanguisorba_officinalis","v15790"
"Acer_triflorum","v16145"
"Callicarpa_dichotoma","v16145"
"Carpinus_cordata","v16145"
"Cercis_chinensis","v16145"
"Corydalis_turtschaninovii","v16145"
"Crataegus_pinnida","v16145"
"Crepidiastrum_chelidoniifolium","v16145"
"Geranium_sibiricum","v16145"
"Hepatica_nobilis","v16145"
"Hypericum_japonicum","v16145"
"Lysimachia_barystachys","v16145"
"Parthenocissus_tricuspidata","v16145"
"Persicaria_orientalis","v16145"
"Pilea_pumila","v16145"
"Ulmus_davidiana","v16145"
"Acer_triflorum","v16146"
"Adenocaulon_himalaicum","v16146"
"Callicarpa_dichotoma","v16146"
"Carpinus_cordata","v16146"
"Cercis_chinensis","v16146"
"Corydalis_turtschaninovii","v16146"
"Crataegus_pinnida","v16146"
"Crepidiastrum_chelidoniifolium","v16146"
"Flueggea_suffruticosa","v16146"
"Geranium_sibiricum","v16146"
"Hepatica_nobilis","v16146"
"Hypericum_japonicum","v16146"
"Lysimachia_barystachys","v16146"
"Parthenocissus_tricuspidata","v16146"
"Persicaria_orientalis","v16146"
"Pilea_pumila","v16146"
"Staphylea_bumalda","v16146"
"Ulmus_davidiana","v16146"
"Acer_triflorum","v16147"
"Adenocaulon_himalaicum","v16147"
"Carpinus_cordata","v16147"
"Cercis_chinensis","v16147"
"Crataegus_pinnida","v16147"
"Crepidiastrum_chelidoniifolium","v16147"
"Geranium_sibiricum","v16147"
"Pilea_pumila","v16147"
"Staphylea_bumalda","v16147"
"Angelica_polymorpha","v16148"
"Carpinus_cordata","v16148"
"Cornus_controversa","v16148"
"Crataegus_pinnida","v16148"
"Crepidiastrum_chelidoniifolium","v16148"
"Galium_verum","v16148"
"Geranium_sibiricum","v16148"
"Pilea_pumila","v16148"
"Sanguisorba_officinalis","v16148"
"Angelica_polymorpha","v16149"
"Cornus_controversa","v16149"
"Crataegus_pinnida","v16149"
"Crepidiastrum_chelidoniifolium","v16149"
"Galium_verum","v16149"
"Pilea_pumila","v16149"
"Sanguisorba_officinalis","v16149"
"Angelica_polymorpha","v16505"
"Callicarpa_dichotoma","v16505"
"Cercis_chinensis","v16505"
"Citrus_trifoliata","v16505"
"Clematis_terniflora","v16505"
"Cornus_controversa","v16505"
"Corydalis_turtschaninovii","v16505"
"Crataegus_pinnida","v16505"
"Crepidiastrum_chelidoniifolium","v16505"
"Geranium_sibiricum","v16505"
"Hepatica_nobilis","v16505"
"Hypericum_japonicum","v16505"
"Lindera_obtusiloba","v16505"
"Lonicera_japonica","v16505"
"Parthenocissus_tricuspidata","v16505"
"Paulownia_tomentosa","v16505"
"Persicaria_orientalis","v16505"
"Pilea_pumila","v16505"
"Pseudostellaria_palibiniana","v16505"
"Quercus_acutissima","v16505"
"Quercus_aliena","v16505"
"Rubus_pungens","v16505"
"Sanicula_chinensis","v16505"
"Ulmus_davidiana","v16505"
"Vicia_unijuga","v16505"
"Viola_chaerophylloides","v16505"
"Angelica_polymorpha","v16506"
"Callicarpa_dichotoma","v16506"
"Carpinus_cordata","v16506"
"Cercis_chinensis","v16506"
"Clematis_terniflora","v16506"
"Cornus_controversa","v16506"
"Cornus_kousa","v16506"
"Corydalis_turtschaninovii","v16506"
"Crataegus_pinnida","v16506"
"Crepidiastrum_chelidoniifolium","v16506"
"Flueggea_suffruticosa","v16506"
"Geranium_sibiricum","v16506"
"Hepatica_nobilis","v16506"
"Hypericum_japonicum","v16506"
"Lonicera_japonica","v16506"
"Lysimachia_barystachys","v16506"
"Parthenocissus_tricuspidata","v16506"
"Paulownia_tomentosa","v16506"
"Persicaria_orientalis","v16506"
"Pilea_pumila","v16506"
"Pseudostellaria_palibiniana","v16506"
"Quercus_acutissima","v16506"
"Quercus_aliena","v16506"
"Rubus_pungens","v16506"
"Sanicula_chinensis","v16506"
"Ulmus_davidiana","v16506"
"Vicia_unijuga","v16506"
"Acer_triflorum","v16507"
"Adenocaulon_himalaicum","v16507"
"Agrimonia_coreana","v16507"
"Amorpha_fruticosa","v16507"
"Artemisia_gmelinii","v16507"
"Callicarpa_dichotoma","v16507"
"Carpinus_cordata","v16507"
"Cercis_chinensis","v16507"
"Clerodendrum_japonicum","v16507"
"Cornus_controversa","v16507"
"Cornus_kousa","v16507"
"Corydalis_turtschaninovii","v16507"
"Crataegus_pinnida","v16507"
"Crepidiastrum_chelidoniifolium","v16507"
"Exochorda_serrolia","v16507"
"Flueggea_suffruticosa","v16507"
"Geranium_sibiricum","v16507"
"Hepatica_nobilis","v16507"
"Hypericum_japonicum","v16507"
"Leibnitzia_anandria","v16507"
"Lespedeza_cyrtobotrya","v16507"
"Lonicera_japonica","v16507"
"Lysimachia_barystachys","v16507"
"Myriophyllum_verticillatum","v16507"
"Parthenocissus_tricuspidata","v16507"
"Persicaria_orientalis","v16507"
"Pilea_pumila","v16507"
"Pseudostellaria_palibiniana","v16507"
"Pterocarya_stenoptera","v16507"
"Quercus_aliena","v16507"
"Rorippa_indica","v16507"
"Rubus_pungens","v16507"
"Salix_babylonica","v16507"
"Sanicula_chinensis","v16507"
"Staphylea_bumalda","v16507"
"Stellaria_alsine","v16507"
"Thlaspi_arvense","v16507"
"Toxicodendron_vernicifluum","v16507"
"Trifolium_repens","v16507"
"Ulmus_davidiana","v16507"
"Vicia_unijuga","v16507"
"Acer_triflorum","v16508"
"Aconitum_jaluense","v16508"
"Adenocaulon_himalaicum","v16508"
"Agrimonia_coreana","v16508"
"Angelica_polymorpha","v16508"
"Cardamine_leucantha","v16508"
"Carpinus_cordata","v16508"
"Cercis_chinensis","v16508"
"Chelidonium_majus","v16508"
"Clerodendrum_japonicum","v16508"
"Cornus_controversa","v16508"
"Cornus_kousa","v16508"
"Crataegus_pinnida","v16508"
"Crepidiastrum_chelidoniifolium","v16508"
"Exochorda_serrolia","v16508"
"Firmiana_simplex","v16508"
"Fraxinus_chinensis","v16508"
"Geranium_sibiricum","v16508"
"Lonicera_japonica","v16508"
"Lythrum_salicaria","v16508"
"Maackia_floribunda","v16508"
"Ostericum_grosseserratum","v16508"
"Parthenocissus_tricuspidata","v16508"
"Patrinia_villosa","v16508"
"Philadelphus_schrenkii","v16508"
"Pilea_pumila","v16508"
"Potentilla_cryptotaeniae","v16508"
"Sanguisorba_officinalis","v16508"
"Sanicula_chinensis","v16508"
"Staphylea_bumalda","v16508"
"Toxicodendron_vernicifluum","v16508"
"Ulmus_davidiana","v16508"
"Utricularia_australis","v16508"
"Vicia_unijuga","v16508"
"Viola_acuminata","v16508"
"Viola_chaerophylloides","v16508"
"Acer_triflorum","v16509"
"Aconitum_jaluense","v16509"
"Adenocaulon_himalaicum","v16509"
"Agrimonia_coreana","v16509"
"Angelica_polymorpha","v16509"
"Cardamine_leucantha","v16509"
"Carpinus_cordata","v16509"
"Chelidonium_majus","v16509"
"Clematis_terniflora","v16509"
"Clerodendrum_japonicum","v16509"
"Cornus_controversa","v16509"
"Crataegus_pinnida","v16509"
"Crepidiastrum_chelidoniifolium","v16509"
"Fraxinus_chinensis","v16509"
"Galium_verum","v16509"
"Geranium_sibiricum","v16509"
"Lindera_obtusiloba","v16509"
"Lythrum_salicaria","v16509"
"Maackia_floribunda","v16509"
"Nuphar_pumila","v16509"
"Nymphaea_tetragona","v16509"
"Ostericum_grosseserratum","v16509"
"Parthenocissus_tricuspidata","v16509"
"Patrinia_villosa","v16509"
"Pilea_pumila","v16509"
"Potentilla_freyniana","v16509"
"Quercus_mongolica","v16509"
"Rhododendron_schlippenbachii","v16509"
"Salix_pierotii","v16509"
"Sanicula_chinensis","v16509"
"Staphylea_bumalda","v16509"
"Toxicodendron_vernicifluum","v16509"
"Ulmus_davidiana","v16509"
"Utricularia_australis","v16509"
"Vicia_unijuga","v16509"
"Viola_acuminata","v16509"
"Viola_chaerophylloides","v16509"
"Acer_palmatum","v16867"
"Acer_triflorum","v16867"
"Adenocaulon_himalaicum","v16867"
"Ajuga_mulora","v16867"
"Amorpha_fruticosa","v16867"
"Anagallis_arvensis","v16867"
"Angelica_polymorpha","v16867"
"Artemisia_gmelinii","v16867"
"Artemisia_keiskeana","v16867"
"Callicarpa_dichotoma","v16867"
"Cardamine_leucantha","v16867"
"Carpinus_cordata","v16867"
"Carpinus_turczaninowii","v16867"
"Ceratophyllum_demersum","v16867"
"Cercis_chinensis","v16867"
"Chionanthus_retusus","v16867"
"Clematis_terniflora","v16867"
"Clerodendrum_japonicum","v16867"
"Cornus_controversa","v16867"
"Cornus_kousa","v16867"
"Cornus_walteri","v16867"
"Corydalis_incisa","v16867"
"Corydalis_turtschaninovii","v16867"
"Crataegus_pinnida","v16867"
"Crepidiastrum_chelidoniifolium","v16867"
"Dianthus_longicalyx","v16867"
"Flueggea_suffruticosa","v16867"
"Geranium_sibiricum","v16867"
"Hepatica_nobilis","v16867"
"Hypericum_japonicum","v16867"
"Lamium_amplexicaule","v16867"
"Leibnitzia_anandria","v16867"
"Lespedeza_cyrtobotrya","v16867"
"Lindera_obtusiloba","v16867"
"Lobelia_chinensis","v16867"
"Lonicera_japonica","v16867"
"Ludwigia_prostrata","v16867"
"Lysimachia_barystachys","v16867"
"Maackia_amurensis","v16867"
"Maackia_floribunda","v16867"
"Metaplexis_japonica","v16867"
"Myriophyllum_spicatum","v16867"
"Myriophyllum_verticillatum","v16867"
"Nasturtium_officinale","v16867"
"Nymphaea_tetragona","v16867"
"Nymphoides_indica","v16867"
"Orostachys_japonica","v16867"
"Parthenocissus_tricuspidata","v16867"
"Paulownia_tomentosa","v16867"
"Persicaria_orientalis","v16867"
"Pilea_pumila","v16867"
"Pseudostellaria_palibiniana","v16867"
"Pterocarya_stenoptera","v16867"
"Pyrus_ussuriensis","v16867"
"Quercus_acutissima","v16867"
"Quercus_aliena","v16867"
"Quercus_variabilis","v16867"
"Rorippa_indica","v16867"
"Rubus_pungens","v16867"
"Salix_babylonica","v16867"
"Sanicula_chinensis","v16867"
"Silene_firma","v16867"
"Staphylea_bumalda","v16867"
"Stellaria_alsine","v16867"
"Thlaspi_arvense","v16867"
"Trapa_natans","v16867"
"Trifolium_repens","v16867"
"Ulmus_davidiana","v16867"
"Utricularia_australis","v16867"
"Vicia_unijuga","v16867"
"Viola_acuminata","v16867"
"Viola_chaerophylloides","v16867"
"Viola_rossii","v16867"
"Acer_palmatum","v16868"
"Acer_triflorum","v16868"
"Aconitum_jaluense","v16868"
"Adenocaulon_himalaicum","v16868"
"Agrimonia_coreana","v16868"
"Alangium_platanifolium","v16868"
"Amorpha_fruticosa","v16868"
"Androsace_umbellata","v16868"
"Angelica_polymorpha","v16868"
"Artemisia_gmelinii","v16868"
"Callicarpa_dichotoma","v16868"
"Cardamine_leucantha","v16868"
"Carpinus_cordata","v16868"
"Cercis_chinensis","v16868"
"Chelidonium_majus","v16868"
"Chionanthus_retusus","v16868"
"Clerodendrum_japonicum","v16868"
"Cornus_controversa","v16868"
"Cornus_kousa","v16868"
"Corydalis_turtschaninovii","v16868"
"Crataegus_pinnida","v16868"
"Crepidiastrum_chelidoniifolium","v16868"
"Euphorbia_maculata","v16868"
"Exochorda_serrolia","v16868"
"Flueggea_suffruticosa","v16868"
"Fraxinus_chinensis","v16868"
"Galium_verum","v16868"
"Geranium_sibiricum","v16868"
"Hepatica_nobilis","v16868"
"Hypericum_japonicum","v16868"
"Leibnitzia_anandria","v16868"
"Lespedeza_cyrtobotrya","v16868"
"Lindera_obtusiloba","v16868"
"Lobelia_chinensis","v16868"
"Lonicera_japonica","v16868"
"Lysimachia_barystachys","v16868"
"Maackia_floribunda","v16868"
"Myriophyllum_verticillatum","v16868"
"Nasturtium_officinale","v16868"
"Nymphoides_indica","v16868"
"Ostericum_grosseserratum","v16868"
"Parthenocissus_tricuspidata","v16868"
"Patrinia_villosa","v16868"
"Pilea_pumila","v16868"
"Plantago_asiatica","v16868"
"Potentilla_freyniana","v16868"
"Pseudostellaria_palibiniana","v16868"
"Pterocarya_stenoptera","v16868"
"Pyrus_ussuriensis","v16868"
"Quercus_aliena","v16868"
"Quercus_mongolica","v16868"
"Rorippa_indica","v16868"
"Rorippa_islandica","v16868"
"Rubus_pungens","v16868"
"Salix_babylonica","v16868"
"Salix_pierotii","v16868"
"Sanguisorba_officinalis","v16868"
"Sanicula_chinensis","v16868"
"Staphylea_bumalda","v16868"
"Thlaspi_arvense","v16868"
"Toxicodendron_vernicifluum","v16868"
"Trapa_natans","v16868"
"Trifolium_repens","v16868"
"Ulmus_davidiana","v16868"
"Utricularia_australis","v16868"
"Vicia_cracca","v16868"
"Vicia_unijuga","v16868"
"Viola_acuminata","v16868"
"Viola_chaerophylloides","v16868"
"Viola_rossii","v16868"
"Acer_triflorum","v16869"
"Aconitum_jaluense","v16869"
"Actinidia_arguta","v16869"
"Adenocaulon_himalaicum","v16869"
"Angelica_polymorpha","v16869"
"Cardamine_leucantha","v16869"
"Carpinus_cordata","v16869"
"Cercis_chinensis","v16869"
"Chelidonium_majus","v16869"
"Clerodendrum_japonicum","v16869"
"Cornus_controversa","v16869"
"Corydalis_turtschaninovii","v16869"
"Crataegus_pinnida","v16869"
"Crepidiastrum_chelidoniifolium","v16869"
"Elsholtzia_ciliata","v16869"
"Euphorbia_maculata","v16869"
"Fraxinus_chinensis","v16869"
"Galium_verum","v16869"
"Geranium_sibiricum","v16869"
"Lindera_obtusiloba","v16869"
"Lonicera_japonica","v16869"
"Lysimachia_barystachys","v16869"
"Lythrum_salicaria","v16869"
"Maackia_floribunda","v16869"
"Nasturtium_officinale","v16869"
"Nuphar_pumila","v16869"
"Ostericum_grosseserratum","v16869"
"Parthenocissus_tricuspidata","v16869"
"Pilea_pumila","v16869"
"Plantago_asiatica","v16869"
"Potentilla_freyniana","v16869"
"Pseudostellaria_palibiniana","v16869"
"Pyrus_ussuriensis","v16869"
"Quercus_mongolica","v16869"
"Rhododendron_schlippenbachii","v16869"
"Ribes_fasciculatum","v16869"
"Rorippa_islandica","v16869"
"Rubus_pungens","v16869"
"Salix_pierotii","v16869"
"Salvia_plebeia","v16869"
"Sanguisorba_officinalis","v16869"
"Sanicula_chinensis","v16869"
"Staphylea_bumalda","v16869"
"Ulmus_davidiana","v16869"
"Utricularia_australis","v16869"
"Vicia_unijuga","v16869"
"Viola_acuminata","v16869"
"Viola_chaerophylloides","v16869"
"Viola_rossii","v16869"
"Zelkova_serrata","v16869"
"Aconitum_jaluense","v16870"
"Actinidia_arguta","v16870"
"Adenocaulon_himalaicum","v16870"
"Angelica_polymorpha","v16870"
"Berberis_amurensis","v16870"
"Brasenia_schreberi","v16870"
"Cardamine_leucantha","v16870"
"Carpinus_cordata","v16870"
"Cercis_chinensis","v16870"
"Clematis_terniflora","v16870"
"Clerodendrum_japonicum","v16870"
"Cornus_controversa","v16870"
"Corydalis_turtschaninovii","v16870"
"Crepidiastrum_chelidoniifolium","v16870"
"Elsholtzia_ciliata","v16870"
"Fraxinus_chinensis","v16870"
"Fraxinus_sieboldiana","v16870"
"Galium_verum","v16870"
"Geranium_sibiricum","v16870"
"Hepatica_nobilis","v16870"
"Isodon_japonicus","v16870"
"Lindera_obtusiloba","v16870"
"Lonicera_japonica","v16870"
"Maackia_floribunda","v16870"
"Meterostachys_sikokianus","v16870"
"Nuphar_pumila","v16870"
"Ostericum_grosseserratum","v16870"
"Parthenocissus_tricuspidata","v16870"
"Pilea_pumila","v16870"
"Plantago_asiatica","v16870"
"Potentilla_freyniana","v16870"
"Pseudostellaria_palibiniana","v16870"
"Pyrus_ussuriensis","v16870"
"Quercus_mongolica","v16870"
"Rhododendron_schlippenbachii","v16870"
"Ribes_fasciculatum","v16870"
"Rubus_pungens","v16870"
"Salix_gracilistyla","v16870"
"Salix_pierotii","v16870"
"Salvia_plebeia","v16870"
"Sanguisorba_officinalis","v16870"
"Sanicula_chinensis","v16870"
"Ulmus_davidiana","v16870"
"Utricularia_australis","v16870"
"Vicia_unijuga","v16870"
"Viola_acuminata","v16870"
"Viola_chaerophylloides","v16870"
"Viola_rossii","v16870"
"Zelkova_serrata","v16870"
"Acer_palmatum","v17227"
"Adenocaulon_himalaicum","v17227"
"Ajuga_mulora","v17227"
"Amaranthus_tricolor","v17227"
"Amorpha_fruticosa","v17227"
"Anagallis_arvensis","v17227"
"Angelica_decursiva","v17227"
"Angelica_polymorpha","v17227"
"Artemisia_gmelinii","v17227"
"Artemisia_keiskeana","v17227"
"Callicarpa_dichotoma","v17227"
"Cardamine_leucantha","v17227"
"Cardamine_lyrata","v17227"
"Carpinus_cordata","v17227"
"Carpinus_turczaninowii","v17227"
"Ceratophyllum_demersum","v17227"
"Cercis_chinensis","v17227"
"Chionanthus_retusus","v17227"
"Clematis_terniflora","v17227"
"Clerodendrum_japonicum","v17227"
"Cornus_controversa","v17227"
"Cornus_kousa","v17227"
"Cornus_officinalis","v17227"
"Cornus_walteri","v17227"
"Corydalis_incisa","v17227"
"Corydalis_turtschaninovii","v17227"
"Crataegus_pinnida","v17227"
"Crepidiastrum_chelidoniifolium","v17227"
"Cuscuta_japonica","v17227"
"Dianthus_longicalyx","v17227"
"Flueggea_suffruticosa","v17227"
"Galium_verum","v17227"
"Geranium_sibiricum","v17227"
"Hepatica_nobilis","v17227"
"Hypericum_japonicum","v17227"
"Lamium_amplexicaule","v17227"
"Leibnitzia_anandria","v17227"
"Lespedeza_cyrtobotrya","v17227"
"Lindera_obtusiloba","v17227"
"Lobelia_chinensis","v17227"
"Lonicera_japonica","v17227"
"Ludwigia_prostrata","v17227"
"Lysimachia_barystachys","v17227"
"Maackia_amurensis","v17227"
"Maackia_floribunda","v17227"
"Metaplexis_japonica","v17227"
"Myriophyllum_spicatum","v17227"
"Myriophyllum_verticillatum","v17227"
"Nasturtium_officinale","v17227"
"Nelumbo_nucifera","v17227"
"Nuphar_pumila","v17227"
"Nymphaea_tetragona","v17227"
"Nymphoides_indica","v17227"
"Orostachys_japonica","v17227"
"Parthenocissus_tricuspidata","v17227"
"Paulownia_tomentosa","v17227"
"Persicaria_orientalis","v17227"
"Pilea_pumila","v17227"
"Plantago_asiatica","v17227"
"Potentilla_freyniana","v17227"
"Pseudostellaria_palibiniana","v17227"
"Pterocarya_stenoptera","v17227"
"Pyrus_ussuriensis","v17227"
"Quercus_acutissima","v17227"
"Quercus_aliena","v17227"
"Quercus_mongolica","v17227"
"Quercus_variabilis","v17227"
"Rhododendron_schlippenbachii","v17227"
"Ribes_fasciculatum","v17227"
"Rorippa_indica","v17227"
"Rubus_pungens","v17227"
"Salix_babylonica","v17227"
"Salix_chaenomeloides","v17227"
"Salix_pierotii","v17227"
"Salvia_plebeia","v17227"
"Sanicula_chinensis","v17227"
"Silene_firma","v17227"
"Staphylea_bumalda","v17227"
"Stellaria_alsine","v17227"
"Thlaspi_arvense","v17227"
"Trapa_natans","v17227"
"Trifolium_repens","v17227"
"Trigonotis_peduncularis","v17227"
"Ulmus_davidiana","v17227"
"Utricularia_australis","v17227"
"Vicia_cracca","v17227"
"Vicia_unijuga","v17227"
"Viola_acuminata","v17227"
"Viola_chaerophylloides","v17227"
"Viola_rossii","v17227"
"Acer_palmatum","v17228"
"Acer_triflorum","v17228"
"Aconitum_jaluense","v17228"
"Actinidia_arguta","v17228"
"Adenocaulon_himalaicum","v17228"
"Aeschynomene_indica","v17228"
"Alangium_platanifolium","v17228"
"Amaranthus_tricolor","v17228"
"Amorpha_fruticosa","v17228"
"Anagallis_arvensis","v17228"
"Androsace_umbellata","v17228"
"Angelica_decursiva","v17228"
"Angelica_polymorpha","v17228"
"Artemisia_gmelinii","v17228"
"Artemisia_keiskeana","v17228"
"Asarum_sieboldii","v17228"
"Cardamine_leucantha","v17228"
"Cardamine_lyrata","v17228"
"Carpinus_cordata","v17228"
"Carpinus_turczaninowii","v17228"
"Celastrus_flagellaris","v17228"
"Ceratophyllum_demersum","v17228"
"Cercis_chinensis","v17228"
"Chelidonium_majus","v17228"
"Chionanthus_retusus","v17228"
"Clerodendrum_japonicum","v17228"
"Cornus_controversa","v17228"
"Cornus_kousa","v17228"
"Corydalis_incisa","v17228"
"Corydalis_turtschaninovii","v17228"
"Crataegus_pinnida","v17228"
"Crepidiastrum_chelidoniifolium","v17228"
"Dianthus_longicalyx","v17228"
"Draba_nemorosa","v17228"
"Euphorbia_maculata","v17228"
"Euryale_ferox","v17228"
"Flueggea_suffruticosa","v17228"
"Fraxinus_chinensis","v17228"
"Galium_verum","v17228"
"Geranium_sibiricum","v17228"
"Hepatica_nobilis","v17228"
"Hypericum_japonicum","v17228"
"Isodon_excisus","v17228"
"Lamium_amplexicaule","v17228"
"Leibnitzia_anandria","v17228"
"Lespedeza_cyrtobotrya","v17228"
"Lindera_obtusiloba","v17228"
"Lobelia_chinensis","v17228"
"Lonicera_japonica","v17228"
"Ludwigia_prostrata","v17228"
"Lysimachia_barystachys","v17228"
"Maackia_floribunda","v17228"
"Metaplexis_japonica","v17228"
"Myriophyllum_verticillatum","v17228"
"Nasturtium_officinale","v17228"
"Nymphoides_indica","v17228"
"Orostachys_japonica","v17228"
"Ostericum_grosseserratum","v17228"
"Parthenocissus_tricuspidata","v17228"
"Paulownia_tomentosa","v17228"
"Pilea_pumila","v17228"
"Plantago_asiatica","v17228"
"Potentilla_freyniana","v17228"
"Pseudostellaria_palibiniana","v17228"
"Pterocarya_stenoptera","v17228"
"Pyrus_ussuriensis","v17228"
"Quercus_acutissima","v17228"
"Quercus_aliena","v17228"
"Quercus_mongolica","v17228"
"Quercus_variabilis","v17228"
"Ranunculus_sceleratus","v17228"
"Ribes_fasciculatum","v17228"
"Rorippa_indica","v17228"
"Rorippa_islandica","v17228"
"Rubus_pungens","v17228"
"Salix_babylonica","v17228"
"Salix_pierotii","v17228"
"Salvia_plebeia","v17228"
"Sanguisorba_officinalis","v17228"
"Sanicula_chinensis","v17228"
"Silene_firma","v17228"
"Staphylea_bumalda","v17228"
"Stellaria_alsine","v17228"
"Thlaspi_arvense","v17228"
"Trapa_natans","v17228"
"Trifolium_repens","v17228"
"Ulmus_davidiana","v17228"
"Utricularia_australis","v17228"
"Vicia_cracca","v17228"
"Vicia_unijuga","v17228"
"Viola_acuminata","v17228"
"Viola_chaerophylloides","v17228"
"Viola_rossii","v17228"
"Zelkova_serrata","v17228"
"Acer_palmatum","v17229"
"Actinidia_arguta","v17229"
"Adenocaulon_himalaicum","v17229"
"Amaranthus_tricolor","v17229"
"Amorpha_fruticosa","v17229"
"Anagallis_arvensis","v17229"
"Androsace_umbellata","v17229"
"Angelica_decursiva","v17229"
"Angelica_polymorpha","v17229"
"Artemisia_gmelinii","v17229"
"Artemisia_keiskeana","v17229"
"Asarum_sieboldii","v17229"
"Cardamine_leucantha","v17229"
"Cardamine_lyrata","v17229"
"Carpinus_cordata","v17229"
"Celastrus_flagellaris","v17229"
"Ceratophyllum_demersum","v17229"
"Cercis_chinensis","v17229"
"Chelidonium_majus","v17229"
"Chionanthus_retusus","v17229"
"Clerodendrum_japonicum","v17229"
"Cornus_controversa","v17229"
"Cornus_kousa","v17229"
"Corydalis_incisa","v17229"
"Corydalis_turtschaninovii","v17229"
"Crataegus_pinnida","v17229"
"Crepidiastrum_chelidoniifolium","v17229"
"Dianthus_longicalyx","v17229"
"Draba_nemorosa","v17229"
"Elsholtzia_ciliata","v17229"
"Euphorbia_maculata","v17229"
"Euryale_ferox","v17229"
"Flueggea_suffruticosa","v17229"
"Fraxinus_chinensis","v17229"
"Fraxinus_sieboldiana","v17229"
"Galium_verum","v17229"
"Geranium_sibiricum","v17229"
"Hepatica_nobilis","v17229"
"Hypericum_japonicum","v17229"
"Isodon_excisus","v17229"
"Isodon_japonicus","v17229"
"Lamium_amplexicaule","v17229"
"Leibnitzia_anandria","v17229"
"Lindera_obtusiloba","v17229"
"Lobelia_chinensis","v17229"
"Lonicera_japonica","v17229"
"Ludwigia_prostrata","v17229"
"Lysimachia_barystachys","v17229"
"Myriophyllum_verticillatum","v17229"
"Nasturtium_officinale","v17229"
"Nuphar_pumila","v17229"
"Nymphoides_indica","v17229"
"Ostericum_grosseserratum","v17229"
"Parthenocissus_tricuspidata","v17229"
"Paulownia_tomentosa","v17229"
"Pilea_pumila","v17229"
"Plantago_asiatica","v17229"
"Potentilla_freyniana","v17229"
"Pseudostellaria_palibiniana","v17229"
"Pterocarya_stenoptera","v17229"
"Pyrus_ussuriensis","v17229"
"Quercus_acutissima","v17229"
"Quercus_aliena","v17229"
"Quercus_mongolica","v17229"
"Quercus_variabilis","v17229"
"Ribes_fasciculatum","v17229"
"Rorippa_indica","v17229"
"Rorippa_islandica","v17229"
"Rubus_pungens","v17229"
"Salix_babylonica","v17229"
"Salix_chaenomeloides","v17229"
"Salix_pierotii","v17229"
"Salvia_plebeia","v17229"
"Sanguisorba_officinalis","v17229"
"Sanicula_chinensis","v17229"
"Staphylea_bumalda","v17229"
"Stellaria_alsine","v17229"
"Thlaspi_arvense","v17229"
"Trapa_natans","v17229"
"Trifolium_repens","v17229"
"Trigonotis_peduncularis","v17229"
"Ulmus_davidiana","v17229"
"Utricularia_australis","v17229"
"Vicia_cracca","v17229"
"Vicia_unijuga","v17229"
"Viola_acuminata","v17229"
"Viola_chaerophylloides","v17229"
"Viola_rossii","v17229"
"Zelkova_serrata","v17229"
"Actinidia_arguta","v17230"
"Adenocaulon_himalaicum","v17230"
"Anaphalis_sinica","v17230"
"Androsace_umbellata","v17230"
"Angelica_decursiva","v17230"
"Angelica_polymorpha","v17230"
"Artemisia_keiskeana","v17230"
"Cardamine_leucantha","v17230"
"Celastrus_flagellaris","v17230"
"Cercis_chinensis","v17230"
"Clematis_terniflora","v17230"
"Clerodendrum_japonicum","v17230"
"Cornus_controversa","v17230"
"Corydalis_turtschaninovii","v17230"
"Crepidiastrum_chelidoniifolium","v17230"
"Dianthus_longicalyx","v17230"
"Elsholtzia_ciliata","v17230"
"Euphorbia_maculata","v17230"
"Euryale_ferox","v17230"
"Flueggea_suffruticosa","v17230"
"Fraxinus_sieboldiana","v17230"
"Galium_verum","v17230"
"Hepatica_nobilis","v17230"
"Hypericum_japonicum","v17230"
"Isodon_japonicus","v17230"
"Lamium_amplexicaule","v17230"
"Lindera_obtusiloba","v17230"
"Lobelia_chinensis","v17230"
"Lonicera_japonica","v17230"
"Lysimachia_barystachys","v17230"
"Nasturtium_officinale","v17230"
"Nuphar_pumila","v17230"
"Ostericum_grosseserratum","v17230"
"Parthenocissus_tricuspidata","v17230"
"Paulownia_tomentosa","v17230"
"Pilea_pumila","v17230"
"Plantago_asiatica","v17230"
"Potentilla_freyniana","v17230"
"Pseudostellaria_palibiniana","v17230"
"Pyrus_ussuriensis","v17230"
"Quercus_aliena","v17230"
"Quercus_mongolica","v17230"
"Quercus_variabilis","v17230"
"Rhododendron_schlippenbachii","v17230"
"Ribes_fasciculatum","v17230"
"Rorippa_islandica","v17230"
"Rubus_pungens","v17230"
"Salix_chaenomeloides","v17230"
"Salix_gracilistyla","v17230"
"Salix_pierotii","v17230"
"Salvia_plebeia","v17230"
"Sanguisorba_officinalis","v17230"
"Sanicula_chinensis","v17230"
"Trapa_natans","v17230"
"Trifolium_repens","v17230"
"Trigonotis_peduncularis","v17230"
"Ulmus_davidiana","v17230"
"Utricularia_australis","v17230"
"Vicia_unijuga","v17230"
"Viola_acuminata","v17230"
"Viola_chaerophylloides","v17230"
"Viola_rossii","v17230"
"Zelkova_serrata","v17230"
"Acer_palmatum","v17587"
"Acer_tataricum","v17587"
"Adenocaulon_himalaicum","v17587"
"Amaranthus_tricolor","v17587"
"Amorpha_fruticosa","v17587"
"Anagallis_arvensis","v17587"
"Angelica_decursiva","v17587"
"Angelica_polymorpha","v17587"
"Artemisia_gmelinii","v17587"
"Artemisia_keiskeana","v17587"
"Brasenia_schreberi","v17587"
"Cardamine_leucantha","v17587"
"Cardamine_lyrata","v17587"
"Carpinus_turczaninowii","v17587"
"Ceratophyllum_demersum","v17587"
"Cercis_chinensis","v17587"
"Chionanthus_retusus","v17587"
"Citrus_trifoliata","v17587"
"Clematis_terniflora","v17587"
"Clerodendrum_japonicum","v17587"
"Cornus_controversa","v17587"
"Cornus_kousa","v17587"
"Cornus_officinalis","v17587"
"Cornus_walteri","v17587"
"Corydalis_incisa","v17587"
"Corydalis_turtschaninovii","v17587"
"Corylus_heterophylla","v17587"
"Crepidiastrum_chelidoniifolium","v17587"
"Cuscuta_japonica","v17587"
"Dianthus_longicalyx","v17587"
"Draba_nemorosa","v17587"
"Elatine_triandra","v17587"
"Elsholtzia_ciliata","v17587"
"Euryale_ferox","v17587"
"Flueggea_suffruticosa","v17587"
"Fraxinus_sieboldiana","v17587"
"Galium_verum","v17587"
"Geranium_sibiricum","v17587"
"Hepatica_nobilis","v17587"
"Hypericum_japonicum","v17587"
"Isodon_japonicus","v17587"
"Lamium_amplexicaule","v17587"
"Leibnitzia_anandria","v17587"
"Lespedeza_cuneata","v17587"
"Lespedeza_cyrtobotrya","v17587"
"Lindera_obtusiloba","v17587"
"Lindernia_procumbens","v17587"
"Lobelia_chinensis","v17587"
"Lonicera_japonica","v17587"
"Ludwigia_prostrata","v17587"
"Lysimachia_barystachys","v17587"
"Lythrum_salicaria","v17587"
"Maackia_amurensis","v17587"
"Maackia_floribunda","v17587"
"Metaplexis_japonica","v17587"
"Meterostachys_sikokianus","v17587"
"Myriophyllum_spicatum","v17587"
"Myriophyllum_verticillatum","v17587"
"Nasturtium_officinale","v17587"
"Nelumbo_nucifera","v17587"
"Nuphar_pumila","v17587"
"Nymphaea_tetragona","v17587"
"Nymphoides_indica","v17587"
"Orostachys_japonica","v17587"
"Parthenocissus_tricuspidata","v17587"
"Paulownia_tomentosa","v17587"
"Persicaria_orientalis","v17587"
"Pilea_pumila","v17587"
"Plantago_asiatica","v17587"
"Potentilla_freyniana","v17587"
"Pseudostellaria_palibiniana","v17587"
"Pterocarya_stenoptera","v17587"
"Pyrus_ussuriensis","v17587"
"Quercus_acutissima","v17587"
"Quercus_aliena","v17587"
"Quercus_variabilis","v17587"
"Ranunculus_sceleratus","v17587"
"Rhododendron_schlippenbachii","v17587"
"Ribes_fasciculatum","v17587"
"Rorippa_indica","v17587"
"Rubus_pungens","v17587"
"Salix_babylonica","v17587"
"Salix_chaenomeloides","v17587"
"Salix_gracilistyla","v17587"
"Salix_pierotii","v17587"
"Salvia_plebeia","v17587"
"Sanicula_chinensis","v17587"
"Semiaquilegia_adoxoides","v17587"
"Silene_firma","v17587"
"Staphylea_bumalda","v17587"
"Stellaria_alsine","v17587"
"Thlaspi_arvense","v17587"
"Trapa_incisa","v17587"
"Trapa_natans","v17587"
"Trapella_sinensis","v17587"
"Trifolium_repens","v17587"
"Trigonotis_peduncularis","v17587"
"Ulmus_davidiana","v17587"
"Vaccinium_oldhamii","v17587"
"Vicia_cracca","v17587"
"Vicia_unijuga","v17587"
"Viola_acuminata","v17587"
"Viola_chaerophylloides","v17587"
"Viola_rossii","v17587"
"Acer_palmatum","v17588"
"Acer_tataricum","v17588"
"Acer_triflorum","v17588"
"Aconitum_jaluense","v17588"
"Actinidia_arguta","v17588"
"Adenocaulon_himalaicum","v17588"
"Agastache_rugosa","v17588"
"Agrimonia_coreana","v17588"
"Alangium_platanifolium","v17588"
"Amorpha_fruticosa","v17588"
"Anagallis_arvensis","v17588"
"Androsace_umbellata","v17588"
"Angelica_polymorpha","v17588"
"Artemisia_gmelinii","v17588"
"Artemisia_keiskeana","v17588"
"Asarum_sieboldii","v17588"
"Cardamine_leucantha","v17588"
"Carpinus_cordata","v17588"
"Carpinus_turczaninowii","v17588"
"Celastrus_flagellaris","v17588"
"Ceratophyllum_demersum","v17588"
"Cercis_chinensis","v17588"
"Chelidonium_majus","v17588"
"Chionanthus_retusus","v17588"
"Clerodendrum_japonicum","v17588"
"Cornus_controversa","v17588"
"Cornus_kousa","v17588"
"Cornus_walteri","v17588"
"Corydalis_incisa","v17588"
"Corydalis_turtschaninovii","v17588"
"Crataegus_pinnida","v17588"
"Crepidiastrum_chelidoniifolium","v17588"
"Draba_nemorosa","v17588"
"Elsholtzia_ciliata","v17588"
"Euphorbia_maculata","v17588"
"Euryale_ferox","v17588"
"Firmiana_simplex","v17588"
"Flueggea_suffruticosa","v17588"
"Fraxinus_chinensis","v17588"
"Fraxinus_sieboldiana","v17588"
"Galium_verum","v17588"
"Geranium_sibiricum","v17588"
"Hepatica_nobilis","v17588"
"Hypericum_japonicum","v17588"
"Isodon_excisus","v17588"
"Isodon_japonicus","v17588"
"Lamium_amplexicaule","v17588"
"Leibnitzia_anandria","v17588"
"Lespedeza_cyrtobotrya","v17588"
"Lindera_obtusiloba","v17588"
"Lobelia_chinensis","v17588"
"Lonicera_japonica","v17588"
"Ludwigia_prostrata","v17588"
"Lysimachia_barystachys","v17588"
"Lythrum_salicaria","v17588"
"Maackia_floribunda","v17588"
"Myriophyllum_spicatum","v17588"
"Myriophyllum_verticillatum","v17588"
"Nasturtium_officinale","v17588"
"Nuphar_pumila","v17588"
"Nymphoides_indica","v17588"
"Orostachys_japonica","v17588"
"Ostericum_grosseserratum","v17588"
"Parthenocissus_tricuspidata","v17588"
"Patrinia_villosa","v17588"
"Pilea_pumila","v17588"
"Plantago_asiatica","v17588"
"Potentilla_freyniana","v17588"
"Pseudostellaria_palibiniana","v17588"
"Pterocarya_stenoptera","v17588"
"Pyrus_ussuriensis","v17588"
"Quercus_aliena","v17588"
"Quercus_mongolica","v17588"
"Quercus_variabilis","v17588"
"Ranunculus_sceleratus","v17588"
"Rhododendron_schlippenbachii","v17588"
"Ribes_fasciculatum","v17588"
"Rorippa_indica","v17588"
"Rorippa_islandica","v17588"
"Rotala_indica","v17588"
"Rubus_pungens","v17588"
"Salix_babylonica","v17588"
"Salix_pierotii","v17588"
"Salvia_plebeia","v17588"
"Sanguisorba_officinalis","v17588"
"Sanicula_chinensis","v17588"
"Silene_firma","v17588"
"Staphylea_bumalda","v17588"
"Stellaria_alsine","v17588"
"Thlaspi_arvense","v17588"
"Toxicodendron_vernicifluum","v17588"
"Trapa_natans","v17588"
"Trapella_sinensis","v17588"
"Trifolium_repens","v17588"
"Ulmus_davidiana","v17588"
"Utricularia_australis","v17588"
"Vicia_cracca","v17588"
"Vicia_unijuga","v17588"
"Viola_acuminata","v17588"
"Viola_chaerophylloides","v17588"
"Viola_rossii","v17588"
"Zelkova_serrata","v17588"
"Acer_palmatum","v17589"
"Acer_tataricum","v17589"
"Aconitum_jaluense","v17589"
"Actinidia_arguta","v17589"
"Adenocaulon_himalaicum","v17589"
"Amaranthus_tricolor","v17589"
"Amorpha_fruticosa","v17589"
"Anagallis_arvensis","v17589"
"Androsace_umbellata","v17589"
"Angelica_decursiva","v17589"
"Angelica_polymorpha","v17589"
"Artemisia_gmelinii","v17589"
"Artemisia_keiskeana","v17589"
"Cardamine_leucantha","v17589"
"Cardamine_lyrata","v17589"
"Carpinus_cordata","v17589"
"Carpinus_turczaninowii","v17589"
"Celastrus_flagellaris","v17589"
"Ceratophyllum_demersum","v17589"
"Cercis_chinensis","v17589"
"Chelidonium_majus","v17589"
"Chionanthus_retusus","v17589"
"Clerodendrum_japonicum","v17589"
"Cornus_controversa","v17589"
"Cornus_kousa","v17589"
"Cornus_walteri","v17589"
"Corydalis_incisa","v17589"
"Corydalis_turtschaninovii","v17589"
"Crataegus_pinnida","v17589"
"Crepidiastrum_chelidoniifolium","v17589"
"Cuscuta_japonica","v17589"
"Dianthus_longicalyx","v17589"
"Draba_nemorosa","v17589"
"Elsholtzia_ciliata","v17589"
"Euphorbia_maculata","v17589"
"Euryale_ferox","v17589"
"Flueggea_suffruticosa","v17589"
"Fraxinus_chinensis","v17589"
"Fraxinus_sieboldiana","v17589"
"Galium_verum","v17589"
"Geranium_sibiricum","v17589"
"Hepatica_nobilis","v17589"
"Hypericum_japonicum","v17589"
"Isodon_excisus","v17589"
"Isodon_japonicus","v17589"
"Lamium_amplexicaule","v17589"
"Leibnitzia_anandria","v17589"
"Lespedeza_cuneata","v17589"
"Lespedeza_cyrtobotrya","v17589"
"Lindera_obtusiloba","v17589"
"Lobelia_chinensis","v17589"
"Lonicera_japonica","v17589"
"Ludwigia_prostrata","v17589"
"Lysimachia_barystachys","v17589"
"Maackia_amurensis","v17589"
"Maackia_floribunda","v17589"
"Metaplexis_japonica","v17589"
"Myriophyllum_spicatum","v17589"
"Myriophyllum_verticillatum","v17589"
"Nasturtium_officinale","v17589"
"Nuphar_pumila","v17589"
"Nymphoides_indica","v17589"
"Orostachys_japonica","v17589"
"Ostericum_grosseserratum","v17589"
"Parthenocissus_tricuspidata","v17589"
"Paulownia_tomentosa","v17589"
"Persicaria_orientalis","v17589"
"Pilea_pumila","v17589"
"Plantago_asiatica","v17589"
"Potentilla_freyniana","v17589"
"Pseudostellaria_palibiniana","v17589"
"Pterocarya_stenoptera","v17589"
"Pyrus_ussuriensis","v17589"
"Quercus_acutissima","v17589"
"Quercus_aliena","v17589"
"Quercus_mongolica","v17589"
"Quercus_variabilis","v17589"
"Ranunculus_sceleratus","v17589"
"Ribes_fasciculatum","v17589"
"Rorippa_indica","v17589"
"Rorippa_islandica","v17589"
"Rotala_indica","v17589"
"Rubus_pungens","v17589"
"Salix_babylonica","v17589"
"Salix_chaenomeloides","v17589"
"Salix_pierotii","v17589"
"Salvia_plebeia","v17589"
"Sanguisorba_officinalis","v17589"
"Sanicula_chinensis","v17589"
"Silene_firma","v17589"
"Staphylea_bumalda","v17589"
"Stellaria_alsine","v17589"
"Thlaspi_arvense","v17589"
"Trapa_incisa","v17589"
"Trapa_natans","v17589"
"Trapella_sinensis","v17589"
"Trifolium_repens","v17589"
"Ulmus_davidiana","v17589"
"Utricularia_australis","v17589"
"Vicia_cracca","v17589"
"Vicia_unijuga","v17589"
"Viola_acuminata","v17589"
"Viola_chaerophylloides","v17589"
"Viola_rossii","v17589"
"Zelkova_serrata","v17589"
"Acer_palmatum","v17590"
"Acer_tataricum","v17590"
"Aconitum_jaluense","v17590"
"Adenocaulon_himalaicum","v17590"
"Anagallis_arvensis","v17590"
"Anaphalis_sinica","v17590"
"Androsace_umbellata","v17590"
"Angelica_decursiva","v17590"
"Angelica_polymorpha","v17590"
"Artemisia_gmelinii","v17590"
"Artemisia_keiskeana","v17590"
"Cardamine_leucantha","v17590"
"Celastrus_flagellaris","v17590"
"Ceratophyllum_demersum","v17590"
"Cercis_chinensis","v17590"
"Chionanthus_retusus","v17590"
"Citrus_trifoliata","v17590"
"Clematis_terniflora","v17590"
"Clerodendrum_japonicum","v17590"
"Cornus_controversa","v17590"
"Cornus_kousa","v17590"
"Cornus_walteri","v17590"
"Corydalis_incisa","v17590"
"Corydalis_turtschaninovii","v17590"
"Crepidiastrum_chelidoniifolium","v17590"
"Dianthus_longicalyx","v17590"
"Draba_nemorosa","v17590"
"Elsholtzia_ciliata","v17590"
"Euphorbia_maculata","v17590"
"Euryale_ferox","v17590"
"Flueggea_suffruticosa","v17590"
"Fraxinus_sieboldiana","v17590"
"Galium_verum","v17590"
"Geranium_sibiricum","v17590"
"Hepatica_nobilis","v17590"
"Hypericum_japonicum","v17590"
"Isodon_japonicus","v17590"
"Lamium_amplexicaule","v17590"
"Leibnitzia_anandria","v17590"
"Lindera_obtusiloba","v17590"
"Lobelia_chinensis","v17590"
"Lonicera_japonica","v17590"
"Ludwigia_prostrata","v17590"
"Lysimachia_barystachys","v17590"
"Maackia_amurensis","v17590"
"Maackia_floribunda","v17590"
"Myriophyllum_verticillatum","v17590"
"Nasturtium_officinale","v17590"
"Nuphar_pumila","v17590"
"Nymphoides_indica","v17590"
"Orostachys_japonica","v17590"
"Ostericum_grosseserratum","v17590"
"Parthenocissus_tricuspidata","v17590"
"Paulownia_tomentosa","v17590"
"Persicaria_orientalis","v17590"
"Pilea_pumila","v17590"
"Plantago_asiatica","v17590"
"Potentilla_freyniana","v17590"
"Pseudostellaria_palibiniana","v17590"
"Pterocarya_stenoptera","v17590"
"Pyrus_ussuriensis","v17590"
"Quercus_acutissima","v17590"
"Quercus_aliena","v17590"
"Quercus_mongolica","v17590"
"Quercus_variabilis","v17590"
"Rhododendron_schlippenbachii","v17590"
"Ribes_fasciculatum","v17590"
"Rorippa_indica","v17590"
"Rorippa_islandica","v17590"
"Rubus_pungens","v17590"
"Salix_babylonica","v17590"
"Salix_chaenomeloides","v17590"
"Salix_gracilistyla","v17590"
"Salix_pierotii","v17590"
"Salvia_plebeia","v17590"
"Sanicula_chinensis","v17590"
"Staphylea_bumalda","v17590"
"Thlaspi_arvense","v17590"
"Trapa_incisa","v17590"
"Trapa_natans","v17590"
"Trifolium_repens","v17590"
"Trigonotis_peduncularis","v17590"
"Ulmus_davidiana","v17590"
"Utricularia_australis","v17590"
"Vicia_unijuga","v17590"
"Viola_acuminata","v17590"
"Viola_chaerophylloides","v17590"
"Viola_rossii","v17590"
"Zelkova_serrata","v17590"
"Acer_palmatum","v17947"
"Acer_tataricum","v17947"
"Aconitum_jaluense","v17947"
"Adenocaulon_himalaicum","v17947"
"Amaranthus_tricolor","v17947"
"Amorpha_fruticosa","v17947"
"Anagallis_arvensis","v17947"
"Anaphalis_sinica","v17947"
"Angelica_decursiva","v17947"
"Angelica_polymorpha","v17947"
"Artemisia_gmelinii","v17947"
"Brasenia_schreberi","v17947"
"Cardamine_leucantha","v17947"
"Cardamine_lyrata","v17947"
"Carpinus_turczaninowii","v17947"
"Ceratophyllum_demersum","v17947"
"Cercis_chinensis","v17947"
"Chionanthus_retusus","v17947"
"Citrus_trifoliata","v17947"
"Clematis_terniflora","v17947"
"Cornus_controversa","v17947"
"Cornus_kousa","v17947"
"Cornus_officinalis","v17947"
"Cornus_walteri","v17947"
"Corydalis_incisa","v17947"
"Corydalis_turtschaninovii","v17947"
"Corylus_heterophylla","v17947"
"Crepidiastrum_chelidoniifolium","v17947"
"Cuscuta_japonica","v17947"
"Dianthus_longicalyx","v17947"
"Draba_nemorosa","v17947"
"Elatine_triandra","v17947"
"Elsholtzia_ciliata","v17947"
"Euphorbia_maculata","v17947"
"Euryale_ferox","v17947"
"Flueggea_suffruticosa","v17947"
"Fraxinus_sieboldiana","v17947"
"Galium_verum","v17947"
"Geranium_sibiricum","v17947"
"Hepatica_nobilis","v17947"
"Hypericum_japonicum","v17947"
"Isodon_japonicus","v17947"
"Lamium_amplexicaule","v17947"
"Leibnitzia_anandria","v17947"
"Lespedeza_cuneata","v17947"
"Lespedeza_cyrtobotrya","v17947"
"Lindera_obtusiloba","v17947"
"Lobelia_chinensis","v17947"
"Lonicera_japonica","v17947"
"Ludwigia_prostrata","v17947"
"Lysimachia_barystachys","v17947"
"Lythrum_salicaria","v17947"
"Maackia_amurensis","v17947"
"Maackia_floribunda","v17947"
"Metaplexis_japonica","v17947"
"Meterostachys_sikokianus","v17947"
"Myriophyllum_verticillatum","v17947"
"Nasturtium_officinale","v17947"
"Nelumbo_nucifera","v17947"
"Nuphar_pumila","v17947"
"Nymphaea_tetragona","v17947"
"Nymphoides_indica","v17947"
"Orostachys_japonica","v17947"
"Parthenocissus_tricuspidata","v17947"
"Paulownia_tomentosa","v17947"
"Persicaria_orientalis","v17947"
"Pilea_pumila","v17947"
"Plantago_asiatica","v17947"
"Potentilla_freyniana","v17947"
"Pseudostellaria_palibiniana","v17947"
"Pterocarya_stenoptera","v17947"
"Pyrus_ussuriensis","v17947"
"Quercus_acutissima","v17947"
"Quercus_aliena","v17947"
"Quercus_mongolica","v17947"
"Quercus_variabilis","v17947"
"Ranunculus_sceleratus","v17947"
"Rhododendron_schlippenbachii","v17947"
"Ribes_fasciculatum","v17947"
"Rorippa_indica","v17947"
"Rorippa_islandica","v17947"
"Rubus_pungens","v17947"
"Salix_babylonica","v17947"
"Salix_chaenomeloides","v17947"
"Salix_gracilistyla","v17947"
"Salix_pierotii","v17947"
"Salvia_plebeia","v17947"
"Sanicula_chinensis","v17947"
"Silene_firma","v17947"
"Staphylea_bumalda","v17947"
"Stellaria_alsine","v17947"
"Thlaspi_arvense","v17947"
"Trapa_incisa","v17947"
"Trapa_natans","v17947"
"Trapella_sinensis","v17947"
"Trifolium_repens","v17947"
"Trigonotis_peduncularis","v17947"
"Ulmus_davidiana","v17947"
"Utricularia_australis","v17947"
"Vaccinium_oldhamii","v17947"
"Vicia_unijuga","v17947"
"Viola_acuminata","v17947"
"Viola_chaerophylloides","v17947"
"Viola_rossii","v17947"
"Zelkova_serrata","v17947"
"Acer_palmatum","v17948"
"Acer_tataricum","v17948"
"Acer_triflorum","v17948"
"Aconitum_jaluense","v17948"
"Actinidia_arguta","v17948"
"Adenocaulon_himalaicum","v17948"
"Agastache_rugosa","v17948"
"Agrimonia_coreana","v17948"
"Amorpha_fruticosa","v17948"
"Androsace_umbellata","v17948"
"Angelica_polymorpha","v17948"
"Artemisia_gmelinii","v17948"
"Brasenia_schreberi","v17948"
"Callicarpa_dichotoma","v17948"
"Cardamine_leucantha","v17948"
"Carpinus_cordata","v17948"
"Carpinus_turczaninowii","v17948"
"Celastrus_flagellaris","v17948"
"Ceratophyllum_demersum","v17948"
"Cercis_chinensis","v17948"
"Chelidonium_majus","v17948"
"Chionanthus_retusus","v17948"
"Clematis_terniflora","v17948"
"Clerodendrum_japonicum","v17948"
"Cornus_controversa","v17948"
"Cornus_kousa","v17948"
"Cornus_walteri","v17948"
"Corydalis_turtschaninovii","v17948"
"Crataegus_pinnida","v17948"
"Crepidiastrum_chelidoniifolium","v17948"
"Cuscuta_japonica","v17948"
"Draba_nemorosa","v17948"
"Elatine_triandra","v17948"
"Elsholtzia_ciliata","v17948"
"Euphorbia_maculata","v17948"
"Euryale_ferox","v17948"
"Firmiana_simplex","v17948"
"Flueggea_suffruticosa","v17948"
"Fraxinus_sieboldiana","v17948"
"Galium_verum","v17948"
"Geranium_sibiricum","v17948"
"Hepatica_nobilis","v17948"
"Hypericum_japonicum","v17948"
"Isodon_japonicus","v17948"
"Leibnitzia_anandria","v17948"
"Lespedeza_cuneata","v17948"
"Lespedeza_cyrtobotrya","v17948"
"Lindera_obtusiloba","v17948"
"Lindernia_procumbens","v17948"
"Lobelia_chinensis","v17948"
"Lonicera_japonica","v17948"
"Ludwigia_prostrata","v17948"
"Lysimachia_barystachys","v17948"
"Lythrum_salicaria","v17948"
"Maackia_amurensis","v17948"
"Maackia_floribunda","v17948"
"Myriophyllum_verticillatum","v17948"
"Nasturtium_officinale","v17948"
"Nuphar_pumila","v17948"
"Nymphoides_indica","v17948"
"Orostachys_japonica","v17948"
"Ostericum_grosseserratum","v17948"
"Parthenocissus_tricuspidata","v17948"
"Patrinia_villosa","v17948"
"Paulownia_tomentosa","v17948"
"Persicaria_orientalis","v17948"
"Pilea_pumila","v17948"
"Plantago_asiatica","v17948"
"Potentilla_freyniana","v17948"
"Pseudostellaria_palibiniana","v17948"
"Pterocarya_stenoptera","v17948"
"Pyrus_ussuriensis","v17948"
"Quercus_acutissima","v17948"
"Quercus_aliena","v17948"
"Quercus_mongolica","v17948"
"Ranunculus_sceleratus","v17948"
"Ribes_fasciculatum","v17948"
"Rorippa_indica","v17948"
"Rorippa_islandica","v17948"
"Rotala_indica","v17948"
"Rubus_pungens","v17948"
"Salix_babylonica","v17948"
"Salix_pierotii","v17948"
"Salvia_plebeia","v17948"
"Sanicula_chinensis","v17948"
"Silene_firma","v17948"
"Staphylea_bumalda","v17948"
"Stellaria_alsine","v17948"
"Thlaspi_arvense","v17948"
"Toxicodendron_vernicifluum","v17948"
"Trapa_incisa","v17948"
"Trapa_natans","v17948"
"Trapella_sinensis","v17948"
"Trifolium_repens","v17948"
"Ulmus_davidiana","v17948"
"Utricularia_australis","v17948"
"Vicia_unijuga","v17948"
"Viola_acuminata","v17948"
"Viola_chaerophylloides","v17948"
"Viola_rossii","v17948"
"Zelkova_serrata","v17948"
"Acer_palmatum","v17949"
"Acer_tataricum","v17949"
"Acer_triflorum","v17949"
"Aconitum_jaluense","v17949"
"Adenocaulon_himalaicum","v17949"
"Agastache_rugosa","v17949"
"Agrimonia_coreana","v17949"
"Amorpha_fruticosa","v17949"
"Androsace_umbellata","v17949"
"Angelica_polymorpha","v17949"
"Artemisia_gmelinii","v17949"
"Brasenia_schreberi","v17949"
"Cardamine_leucantha","v17949"
"Carpinus_cordata","v17949"
"Carpinus_turczaninowii","v17949"
"Celastrus_flagellaris","v17949"
"Ceratophyllum_demersum","v17949"
"Cercis_chinensis","v17949"
"Chelidonium_majus","v17949"
"Chionanthus_retusus","v17949"
"Clematis_terniflora","v17949"
"Clerodendrum_japonicum","v17949"
"Cornus_controversa","v17949"
"Cornus_kousa","v17949"
"Cornus_walteri","v17949"
"Corydalis_turtschaninovii","v17949"
"Corylus_heterophylla","v17949"
"Crataegus_pinnida","v17949"
"Crepidiastrum_chelidoniifolium","v17949"
"Cuscuta_japonica","v17949"
"Draba_nemorosa","v17949"
"Elatine_triandra","v17949"
"Elsholtzia_ciliata","v17949"
"Euphorbia_maculata","v17949"
"Euryale_ferox","v17949"
"Firmiana_simplex","v17949"
"Flueggea_suffruticosa","v17949"
"Fraxinus_sieboldiana","v17949"
"Galium_verum","v17949"
"Geranium_sibiricum","v17949"
"Hepatica_nobilis","v17949"
"Hypericum_japonicum","v17949"
"Isodon_japonicus","v17949"
"Leibnitzia_anandria","v17949"
"Lespedeza_cuneata","v17949"
"Lespedeza_cyrtobotrya","v17949"
"Lindera_obtusiloba","v17949"
"Lindernia_procumbens","v17949"
"Lobelia_chinensis","v17949"
"Lonicera_japonica","v17949"
"Ludwigia_prostrata","v17949"
"Lysimachia_barystachys","v17949"
"Lythrum_salicaria","v17949"
"Maackia_amurensis","v17949"
"Maackia_floribunda","v17949"
"Meterostachys_sikokianus","v17949"
"Myriophyllum_verticillatum","v17949"
"Nasturtium_officinale","v17949"
"Nuphar_pumila","v17949"
"Nymphaea_tetragona","v17949"
"Nymphoides_indica","v17949"
"Orostachys_japonica","v17949"
"Ostericum_grosseserratum","v17949"
"Parthenocissus_tricuspidata","v17949"
"Patrinia_villosa","v17949"
"Paulownia_tomentosa","v17949"
"Persicaria_orientalis","v17949"
"Pilea_pumila","v17949"
"Plantago_asiatica","v17949"
"Potentilla_freyniana","v17949"
"Pseudostellaria_palibiniana","v17949"
"Pterocarya_stenoptera","v17949"
"Pyrus_ussuriensis","v17949"
"Quercus_acutissima","v17949"
"Quercus_aliena","v17949"
"Quercus_mongolica","v17949"
"Ranunculus_sceleratus","v17949"
"Rhododendron_schlippenbachii","v17949"
"Ribes_fasciculatum","v17949"
"Rorippa_indica","v17949"
"Rorippa_islandica","v17949"
"Rotala_indica","v17949"
"Rubus_pungens","v17949"
"Salix_babylonica","v17949"
"Salix_gracilistyla","v17949"
"Salix_pierotii","v17949"
"Salvia_plebeia","v17949"
"Sanicula_chinensis","v17949"
"Silene_firma","v17949"
"Staphylea_bumalda","v17949"
"Thlaspi_arvense","v17949"
"Toxicodendron_vernicifluum","v17949"
"Trapa_incisa","v17949"
"Trapa_natans","v17949"
"Trapella_sinensis","v17949"
"Trifolium_repens","v17949"
"Ulmus_davidiana","v17949"
"Utricularia_australis","v17949"
"Vicia_unijuga","v17949"
"Viola_acuminata","v17949"
"Viola_chaerophylloides","v17949"
"Viola_rossii","v17949"
"Zelkova_serrata","v17949"
"Acer_tataricum","v18307"
"Aconitum_jaluense","v18307"
"Adenocaulon_himalaicum","v18307"
"Agrimonia_coreana","v18307"
"Anaphalis_sinica","v18307"
"Angelica_polymorpha","v18307"
"Berberis_amurensis","v18307"
"Brasenia_schreberi","v18307"
"Cardamine_leucantha","v18307"
"Ceratophyllum_demersum","v18307"
"Cercis_chinensis","v18307"
"Chionanthus_retusus","v18307"
"Clematis_terniflora","v18307"
"Clerodendrum_japonicum","v18307"
"Cornus_controversa","v18307"
"Cornus_kousa","v18307"
"Cornus_walteri","v18307"
"Corydalis_incisa","v18307"
"Corydalis_turtschaninovii","v18307"
"Corylus_heterophylla","v18307"
"Crepidiastrum_chelidoniifolium","v18307"
"Cuscuta_japonica","v18307"
"Elatine_triandra","v18307"
"Elsholtzia_ciliata","v18307"
"Firmiana_simplex","v18307"
"Flueggea_suffruticosa","v18307"
"Fraxinus_sieboldiana","v18307"
"Galium_verum","v18307"
"Geranium_sibiricum","v18307"
"Hepatica_nobilis","v18307"
"Hypericum_japonicum","v18307"
"Isodon_japonicus","v18307"
"Lespedeza_cyrtobotrya","v18307"
"Lindera_obtusiloba","v18307"
"Lobelia_chinensis","v18307"
"Lonicera_japonica","v18307"
"Ludwigia_prostrata","v18307"
"Lysimachia_barystachys","v18307"
"Lythrum_salicaria","v18307"
"Maackia_amurensis","v18307"
"Maackia_floribunda","v18307"
"Meterostachys_sikokianus","v18307"
"Myriophyllum_verticillatum","v18307"
"Nasturtium_officinale","v18307"
"Nuphar_pumila","v18307"
"Nymphaea_tetragona","v18307"
"Nymphoides_indica","v18307"
"Orostachys_japonica","v18307"
"Ostericum_grosseserratum","v18307"
"Parthenocissus_tricuspidata","v18307"
"Paulownia_tomentosa","v18307"
"Persicaria_orientalis","v18307"
"Pilea_pumila","v18307"
"Plantago_asiatica","v18307"
"Potentilla_freyniana","v18307"
"Pseudostellaria_palibiniana","v18307"
"Quercus_acutissima","v18307"
"Quercus_aliena","v18307"
"Rhododendron_mucronulatum","v18307"
"Rhododendron_schlippenbachii","v18307"
"Ribes_fasciculatum","v18307"
"Rotala_indica","v18307"
"Rubus_pungens","v18307"
"Salix_gracilistyla","v18307"
"Salix_pierotii","v18307"
"Sanicula_chinensis","v18307"
"Semiaquilegia_adoxoides","v18307"
"Staphylea_bumalda","v18307"
"Toxicodendron_vernicifluum","v18307"
"Trapa_incisa","v18307"
"Trapa_natans","v18307"
"Trifolium_repens","v18307"
"Ulmus_davidiana","v18307"
"Utricularia_australis","v18307"
"Vicia_unijuga","v18307"
"Viola_acuminata","v18307"
"Viola_chaerophylloides","v18307"
"Viola_rossii","v18307"
